<?xml version="1.0" encoding="utf-8"?>
<edmx:Edmx Version="1.0" xmlns:edmx="http://schemas.microsoft.com/ado/2007/06/edmx" xmlns:m="http://schemas.microsoft.com/ado/2007/08/dataservices/metadata" xmlns:sap="http://www.sap.com/Protocols/SAPData">
    <edmx:Reference Uri="https://oasis-tcs.github.io/odata-vocabularies/vocabularies/Org.OData.Capabilities.V1.xml" xmlns:edmx="http://docs.oasis-open.org/odata/ns/edmx">
        <edmx:Include Alias="Capabilities" Namespace="Org.OData.Capabilities.V1"/>
    </edmx:Reference>
    <edmx:Reference Uri="https://sap.github.io/odata-vocabularies/vocabularies/Common.xml" xmlns:edmx="http://docs.oasis-open.org/odata/ns/edmx">
        <edmx:Include Alias="Common" Namespace="com.sap.vocabularies.Common.v1"/>
    </edmx:Reference>
    <edmx:Reference Uri="https://oasis-tcs.github.io/odata-vocabularies/vocabularies/Org.OData.Core.V1.xml" xmlns:edmx="http://docs.oasis-open.org/odata/ns/edmx">
        <edmx:Include Alias="Core" Namespace="Org.OData.Core.V1"/>
    </edmx:Reference>
    <edmx:Reference Uri="https://oasis-tcs.github.io/odata-vocabularies/vocabularies/Org.OData.Measures.V1.xml" xmlns:edmx="http://docs.oasis-open.org/odata/ns/edmx">
        <edmx:Include Alias="Measures" Namespace="Org.OData.Measures.V1"/>
    </edmx:Reference>
    <edmx:Reference Uri="https://sap.github.io/odata-vocabularies/vocabularies/UI.xml" xmlns:edmx="http://docs.oasis-open.org/odata/ns/edmx">
        <edmx:Include Alias="UI" Namespace="com.sap.vocabularies.UI.v1"/>
    </edmx:Reference>
    <edmx:DataServices m:DataServiceVersion="2.0">
        <Schema Namespace="CatalogService" xmlns="http://schemas.microsoft.com/ado/2008/09/edm">
            <EntityContainer Name="EntityContainer" m:IsDefaultEntityContainer="true">
                <EntitySet Name="Authors" EntityType="CatalogService.Authors"/>
                <EntitySet Name="Books" EntityType="CatalogService.Books"/>
                <EntitySet Name="Books_texts" EntityType="CatalogService.Books_texts"/>
                <EntitySet Name="Currencies" EntityType="CatalogService.Currencies"/>
                <EntitySet Name="Currencies_texts" EntityType="CatalogService.Currencies_texts"/>
                <EntitySet Name="Stocks" EntityType="CatalogService.Stocks" sap:semantics="aggregate"/>
                <EntitySet Name="Storages" EntityType="CatalogService.Storages"/>
                <AssociationSet Name="Books_author" Association="CatalogService.Books_author">
                    <End Role="Books" EntitySet="Books"/>
                    <End Role="Authors" EntitySet="Authors"/>
                </AssociationSet>
                <AssociationSet Name="Books_currency" Association="CatalogService.Books_currency">
                    <End Role="Books" EntitySet="Books"/>
                    <End Role="Currencies" EntitySet="Currencies"/>
                </AssociationSet>
                <AssociationSet Name="Books_texts_1" Association="CatalogService.Books_texts_1">
                    <End Role="Books" EntitySet="Books"/>
                    <End Role="Books_texts" EntitySet="Books_texts"/>
                </AssociationSet>
                <AssociationSet Name="Books_localized" Association="CatalogService.Books_localized">
                    <End Role="Books" EntitySet="Books"/>
                    <End Role="Books_texts" EntitySet="Books_texts"/>
                </AssociationSet>
                <AssociationSet Name="Currencies_texts_1" Association="CatalogService.Currencies_texts_1">
                    <End Role="Currencies" EntitySet="Currencies"/>
                    <End Role="Currencies_texts" EntitySet="Currencies_texts"/>
                </AssociationSet>
                <AssociationSet Name="Currencies_localized" Association="CatalogService.Currencies_localized">
                    <End Role="Currencies" EntitySet="Currencies"/>
                    <End Role="Currencies_texts" EntitySet="Currencies_texts"/>
                </AssociationSet>
                <AssociationSet Name="Stocks_book" Association="CatalogService.Stocks_book">
                    <End Role="Stocks" EntitySet="Stocks"/>
                    <End Role="Books" EntitySet="Books"/>
                </AssociationSet>
                <AssociationSet Name="Stocks_storage" Association="CatalogService.Stocks_storage">
                    <End Role="Stocks" EntitySet="Stocks"/>
                    <End Role="Storages" EntitySet="Storages"/>
                </AssociationSet>
            </EntityContainer>
            <EntityType Name="Authors">
                <Key>
                    <PropertyRef Name="ID"/>
                </Key>
                <Property Name="createdAt" Type="Edm.DateTimeOffset" Precision="7"/>
                <Property Name="createdBy" Type="Edm.String" MaxLength="255"/>
                <Property Name="modifiedAt" Type="Edm.DateTimeOffset" Precision="7"/>
                <Property Name="modifiedBy" Type="Edm.String" MaxLength="255"/>
                <Property Name="ID" Type="Edm.Int32" Nullable="false"/>
                <Property Name="name" Type="Edm.String" MaxLength="111"/>
                <Property Name="dateOfBirth" Type="Edm.DateTime" sap:display-format="Date"/>
                <Property Name="dateOfDeath" Type="Edm.DateTime" sap:display-format="Date"/>
                <Property Name="placeOfBirth" Type="Edm.String"/>
                <Property Name="placeOfDeath" Type="Edm.String"/>
                <NavigationProperty Name="books" Relationship="CatalogService.Books_author" FromRole="Authors" ToRole="Books"/>
            </EntityType>
            <EntityType Name="Books">
                <Key>
                    <PropertyRef Name="ID"/>
                </Key>
                <Property Name="createdAt" Type="Edm.DateTimeOffset" Precision="7"/>
                <Property Name="createdBy" Type="Edm.String" MaxLength="255"/>
                <Property Name="modifiedAt" Type="Edm.DateTimeOffset" Precision="7"/>
                <Property Name="modifiedBy" Type="Edm.String" MaxLength="255"/>
                <Property Name="ID" Type="Edm.Int32" Nullable="false"/>
                <Property Name="title" Type="Edm.String" MaxLength="111"/>
                <Property Name="descr" Type="Edm.String" MaxLength="1111"/>
                <NavigationProperty Name="author" Relationship="CatalogService.Books_author" FromRole="Books" ToRole="Authors"/>
                <NavigationProperty Name="stock" Relationship="CatalogService.Stocks_book" FromRole="Books" ToRole="Stocks"/>
                <Property Name="currentStock" Type="Edm.Int32"/>
                <Property Name="price" Type="Edm.Decimal" Scale="2" Precision="9"/>
                <NavigationProperty Name="currency" Relationship="CatalogService.Books_currency" FromRole="Books" ToRole="Currencies"/>
                <NavigationProperty Name="texts" Relationship="CatalogService.Books_texts_1" FromRole="Books" ToRole="Books_texts"/>
                <NavigationProperty Name="localized" Relationship="CatalogService.Books_localized" FromRole="Books" ToRole="Books_texts"/>
                <Property Name="author_ID" Type="Edm.Int32"/>
                <Property Name="currency_code" Type="Edm.String" MaxLength="3"/>
            </EntityType>
            <EntityType Name="Books_texts">
                <Key>
                    <PropertyRef Name="locale"/>
                    <PropertyRef Name="ID"/>
                </Key>
                <Property Name="locale" Type="Edm.String" MaxLength="14" Nullable="false"/>
                <Property Name="ID" Type="Edm.Int32" Nullable="false"/>
                <Property Name="title" Type="Edm.String" MaxLength="111"/>
                <Property Name="descr" Type="Edm.String" MaxLength="1111"/>
            </EntityType>
            <EntityType Name="Currencies">
                <Key>
                    <PropertyRef Name="code"/>
                </Key>
                <Property Name="name" Type="Edm.String" MaxLength="255"/>
                <Property Name="descr" Type="Edm.String" MaxLength="1000"/>
                <Property Name="code" Type="Edm.String" MaxLength="3" Nullable="false"/>
                <Property Name="symbol" Type="Edm.String" MaxLength="5"/>
                <NavigationProperty Name="texts" Relationship="CatalogService.Currencies_texts_1" FromRole="Currencies" ToRole="Currencies_texts"/>
                <NavigationProperty Name="localized" Relationship="CatalogService.Currencies_localized" FromRole="Currencies" ToRole="Currencies_texts"/>
            </EntityType>
            <EntityType Name="Currencies_texts">
                <Key>
                    <PropertyRef Name="locale"/>
                    <PropertyRef Name="code"/>
                </Key>
                <Property Name="locale" Type="Edm.String" MaxLength="14" Nullable="false"/>
                <Property Name="name" Type="Edm.String" MaxLength="255"/>
                <Property Name="descr" Type="Edm.String" MaxLength="1000"/>
                <Property Name="code" Type="Edm.String" MaxLength="3" Nullable="false"/>
            </EntityType>
            <EntityType Name="Stocks" sap:semantics="aggregate">
                <Key>
                    <PropertyRef Name="ID"/>
                    <PropertyRef Name="book_ID"/>
                    <PropertyRef Name="storage_ID"/>
                </Key>
                <Property Name="createdAt" Type="Edm.DateTimeOffset" Precision="7"/>
                <Property Name="createdBy" Type="Edm.String" MaxLength="255"/>
                <Property Name="modifiedAt" Type="Edm.DateTimeOffset" Precision="7"/>
                <Property Name="modifiedBy" Type="Edm.String" MaxLength="255"/>
                <Property Name="ID" Type="Edm.Int32" Nullable="false" sap:aggregation-role="dimension"/>
                <NavigationProperty Name="book" Relationship="CatalogService.Stocks_book" FromRole="Stocks" ToRole="Books"/>
                <NavigationProperty Name="storage" Relationship="CatalogService.Stocks_storage" FromRole="Stocks" ToRole="Storages"/>
                <Property Name="date" Type="Edm.DateTime" sap:aggregation-role="dimension" sap:display-format="Date"/>
                <Property Name="stock" Type="Edm.Int32" sap:aggregation-role="measure"/>
                <Property Name="book_ID" Type="Edm.Int32" Nullable="false"/>
                <Property Name="storage_ID" Type="Edm.String" Nullable="false"/>
            </EntityType>
            <EntityType Name="Storages">
                <Key>
                    <PropertyRef Name="ID"/>
                </Key>
                <Property Name="createdAt" Type="Edm.DateTimeOffset" Precision="7"/>
                <Property Name="createdBy" Type="Edm.String" MaxLength="255"/>
                <Property Name="modifiedAt" Type="Edm.DateTimeOffset" Precision="7"/>
                <Property Name="modifiedBy" Type="Edm.String" MaxLength="255"/>
                <Property Name="ID" Type="Edm.String" Nullable="false"/>
                <Property Name="name" Type="Edm.String"/>
                <NavigationProperty Name="stock" Relationship="CatalogService.Stocks_storage" FromRole="Storages" ToRole="Stocks"/>
            </EntityType>
            <Association Name="Books_author">
                <End Role="Books" Type="CatalogService.Books" Multiplicity="*"/>
                <End Role="Authors" Type="CatalogService.Authors" Multiplicity="0..1"/>
                <ReferentialConstraint>
                    <Principal Role="Authors">
                        <PropertyRef Name="ID"/>
                    </Principal>
                    <Dependent Role="Books">
                        <PropertyRef Name="author_ID"/>
                    </Dependent>
                </ReferentialConstraint>
            </Association>
            <Association Name="Books_currency">
                <End Role="Books" Type="CatalogService.Books" Multiplicity="*"/>
                <End Role="Currencies" Type="CatalogService.Currencies" Multiplicity="0..1"/>
                <ReferentialConstraint>
                    <Principal Role="Currencies">
                        <PropertyRef Name="code"/>
                    </Principal>
                    <Dependent Role="Books">
                        <PropertyRef Name="currency_code"/>
                    </Dependent>
                </ReferentialConstraint>
            </Association>
            <Association Name="Books_texts_1">
                <End Role="Books" Type="CatalogService.Books" Multiplicity="*"/>
                <End Role="Books_texts" Type="CatalogService.Books_texts" Multiplicity="*">
                    <OnDelete Action="Cascade"/>
                </End>
            </Association>
            <Association Name="Books_localized">
                <End Role="Books" Type="CatalogService.Books" Multiplicity="*"/>
                <End Role="Books_texts" Type="CatalogService.Books_texts" Multiplicity="0..1"/>
                <ReferentialConstraint>
                    <Principal Role="Books_texts">
                        <PropertyRef Name="ID"/>
                    </Principal>
                    <Dependent Role="Books">
                        <PropertyRef Name="ID"/>
                    </Dependent>
                </ReferentialConstraint>
            </Association>
            <Association Name="Currencies_texts_1">
                <End Role="Currencies" Type="CatalogService.Currencies" Multiplicity="*"/>
                <End Role="Currencies_texts" Type="CatalogService.Currencies_texts" Multiplicity="*">
                    <OnDelete Action="Cascade"/>
                </End>
            </Association>
            <Association Name="Currencies_localized">
                <End Role="Currencies" Type="CatalogService.Currencies" Multiplicity="*"/>
                <End Role="Currencies_texts" Type="CatalogService.Currencies_texts" Multiplicity="0..1"/>
                <ReferentialConstraint>
                    <Principal Role="Currencies_texts">
                        <PropertyRef Name="code"/>
                    </Principal>
                    <Dependent Role="Currencies">
                        <PropertyRef Name="code"/>
                    </Dependent>
                </ReferentialConstraint>
            </Association>
            <Association Name="Stocks_book">
                <End Role="Stocks" Type="CatalogService.Stocks" Multiplicity="*"/>
                <End Role="Books" Type="CatalogService.Books" Multiplicity="0..1"/>
                <ReferentialConstraint>
                    <Principal Role="Books">
                        <PropertyRef Name="ID"/>
                    </Principal>
                    <Dependent Role="Stocks">
                        <PropertyRef Name="book_ID"/>
                    </Dependent>
                </ReferentialConstraint>
            </Association>
            <Association Name="Stocks_storage">
                <End Role="Stocks" Type="CatalogService.Stocks" Multiplicity="*"/>
                <End Role="Storages" Type="CatalogService.Storages" Multiplicity="0..1"/>
                <ReferentialConstraint>
                    <Principal Role="Storages">
                        <PropertyRef Name="ID"/>
                    </Principal>
                    <Dependent Role="Stocks">
                        <PropertyRef Name="storage_ID"/>
                    </Dependent>
                </ReferentialConstraint>
            </Association>
            <Annotations Target="CatalogService.Authors/createdAt" xmlns="http://docs.oasis-open.org/odata/ns/edm">
                <Annotation Term="Common.Label" String="Created On"/>
                <Annotation Term="Core.Computed" Bool="true"/>
                <Annotation Term="Core.Immutable" Bool="true"/>
                <Annotation Term="UI.HiddenFilter" Bool="true"/>
            </Annotations>
            <Annotations Target="CatalogService.Authors/createdBy" xmlns="http://docs.oasis-open.org/odata/ns/edm">
                <Annotation Term="Common.Label" String="Created By"/>
                <Annotation Term="Core.Computed" Bool="true"/>
                <Annotation Term="Core.Description" String="User's unique ID"/>
                <Annotation Term="Core.Immutable" Bool="true"/>
                <Annotation Term="UI.HiddenFilter" Bool="true"/>
            </Annotations>
            <Annotations Target="CatalogService.Authors/modifiedAt" xmlns="http://docs.oasis-open.org/odata/ns/edm">
                <Annotation Term="Common.Label" String="Changed On"/>
                <Annotation Term="Core.Computed" Bool="true"/>
                <Annotation Term="UI.HiddenFilter" Bool="true"/>
            </Annotations>
            <Annotations Target="CatalogService.Authors/modifiedBy" xmlns="http://docs.oasis-open.org/odata/ns/edm">
                <Annotation Term="Common.Label" String="Changed By"/>
                <Annotation Term="Core.Computed" Bool="true"/>
                <Annotation Term="Core.Description" String="User's unique ID"/>
                <Annotation Term="UI.HiddenFilter" Bool="true"/>
            </Annotations>
            <Annotations Target="CatalogService.Authors/name" xmlns="http://docs.oasis-open.org/odata/ns/edm">
                <Annotation Term="Common.Label" String="Author Name"/>
                <Annotation Term="Core.Description" String="{i18n>}"/>
                </Annotations>
                <Annotations Target="CatalogService.Books" xmlns="http://docs.oasis-open.org/odata/ns/edm">
                    <Annotation Term="UI.DataPoint" Qualifier="Price">
                        <Record Type="UI.DataPointType">
                            <PropertyValue Property="Title" String="Price Datapoint"/>
                            <PropertyValue Property="Value" Path="price"/>
                        </Record>
                    </Annotation>
                    <Annotation Term="UI.DataPoint" Qualifier="Progress">
                        <Record Type="UI.DataPointType">
                            <PropertyValue Property="Criticality" EnumMember="UI.CriticalityType/Critical"/>
                            <PropertyValue Property="Description" String="DATA"/>
                            <PropertyValue Property="TargetValue" Int="200"/>
                            <PropertyValue Property="Title" String="PROGRESS TEST"/>
                            <PropertyValue Property="Value" Path="currentStock"/>
                            <PropertyValue Property="Visualization" EnumMember="UI.VisualizationType/Progress"/>
                        </Record>
                    </Annotation>
                    <Annotation Term="UI.Facets">
                        <Collection>
                            <Record Type="UI.CollectionFacet">
                                <PropertyValue Property="Label" String="Book Info"/>
                                <PropertyValue Property="ID" String="Facet1"/>
                                <PropertyValue Property="Facets">
                                    <Collection>
                                        <Record Type="UI.ReferenceFacet">
                                            <PropertyValue Property="Target" AnnotationPath="@UI.FieldGroup#Main"/>
                                            <PropertyValue Property="Label" String="Main Facet"/>
                                        </Record>
                                        <Record Type="UI.ReferenceFacet">
                                            <PropertyValue Property="Target" AnnotationPath="@UI.FieldGroup#Second"/>
                                            <PropertyValue Property="Label" String="Second Facet"/>
                                        </Record>
                                    </Collection>
                                </PropertyValue>
                            </Record>
                            <Record Type="UI.ReferenceFacet">
                                <PropertyValue Property="Target" AnnotationPath="@UI.FieldGroup#OtherBooks"/>
                                <PropertyValue Property="Label" String="Author Facet"/>
                            </Record>
                            <Record Type="UI.ReferenceFacet">
                                <PropertyValue Property="Target" AnnotationPath="stock/@UI.Chart"/>
                                <PropertyValue Property="Label" String="Stock Facet"/>
                            </Record>
                            <Record Type="UI.ReferenceFacet">
                                <PropertyValue Property="Target" AnnotationPath="stock/@UI.LineItem"/>
                                <PropertyValue Property="Label" String="Stock Table Facet"/>
                            </Record>
                        </Collection>
                    </Annotation>
                    <Annotation Term="UI.FieldGroup" Qualifier="AuthorDetails">
                        <Record Type="UI.FieldGroupType">
                            <PropertyValue Property="Data">
                                <Collection>
                                    <Record Type="UI.DataField">
                                        <PropertyValue Property="Value" Path="author_ID"/>
                                    </Record>
                                    <Record Type="UI.DataField">
                                        <PropertyValue Property="Value" Path="author/name"/>
                                    </Record>
                                </Collection>
                            </PropertyValue>
                        </Record>
                    </Annotation>
                    <Annotation Term="UI.FieldGroup" Qualifier="Main">
                        <Record Type="UI.FieldGroupType">
                            <PropertyValue Property="Data">
                                <Collection>
                                    <Record Type="UI.DataField">
                                        <PropertyValue Property="Value" Path="ID"/>
                                    </Record>
                                    <Record Type="UI.DataField">
                                        <PropertyValue Property="Value" Path="title"/>
                                    </Record>
                                    <Record Type="UI.DataField">
                                        <PropertyValue Property="Value" Path="author_ID"/>
                                    </Record>
                                    <Record Type="UI.DataField">
                                        <PropertyValue Property="Value" Path="currentStock"/>
                                    </Record>
                                </Collection>
                            </PropertyValue>
                        </Record>
                    </Annotation>
                    <Annotation Term="UI.FieldGroup" Qualifier="OtherBooks">
                        <Record Type="UI.FieldGroupType">
                            <PropertyValue Property="Data">
                                <Collection>
                                    <Record Type="UI.DataField">
                                        <PropertyValue Property="Value" Path="author_ID"/>
                                    </Record>
                                    <Record Type="UI.DataField">
                                        <PropertyValue Property="Value" Path="author/name"/>
                                    </Record>
                                    <Record Type="UI.DataField">
                                        <PropertyValue Property="Value" Path="author/dateOfBirth"/>
                                    </Record>
                                    <Record Type="UI.DataField">
                                        <PropertyValue Property="Value" Path="author/placeOfBirth"/>
                                    </Record>
                                    <Record Type="UI.DataField">
                                        <PropertyValue Property="Value" Path="author/dateOfDeath"/>
                                    </Record>
                                    <Record Type="UI.DataField">
                                        <PropertyValue Property="Value" Path="author/placeOfDeath"/>
                                    </Record>
                                </Collection>
                            </PropertyValue>
                        </Record>
                    </Annotation>
                    <Annotation Term="UI.FieldGroup" Qualifier="Second">
                        <Record Type="UI.FieldGroupType">
                            <PropertyValue Property="Data">
                                <Collection>
                                    <Record Type="UI.DataField">
                                        <PropertyValue Property="Value" Path="descr"/>
                                    </Record>
                                </Collection>
                            </PropertyValue>
                        </Record>
                    </Annotation>
                    <Annotation Term="UI.HeaderFacets">
                        <Collection>
                            <Record Type="UI.ReferenceFacet">
                                <PropertyValue Property="Target" AnnotationPath="@UI.FieldGroup#AuthorDetails"/>
                                <PropertyValue Property="Label" String="Header Facet Author"/>
                            </Record>
                            <Record Type="UI.ReferenceFacet">
                                <PropertyValue Property="Target" AnnotationPath="@UI.StatusInfo"/>
                                <PropertyValue Property="Label" String="Header Facet StatusInfo"/>
                            </Record>
                            <Record Type="UI.ReferenceFacet">
                                <PropertyValue Property="Target" AnnotationPath="@UI.Identification"/>
                                <PropertyValue Property="Label" String="Header Facet Identification"/>
                            </Record>
                            <Record Type="UI.ReferenceFacet">
                                <PropertyValue Property="Target" AnnotationPath="@UI.DataPoint#Price"/>
                                <PropertyValue Property="Label" String="Header Facet Price"/>
                            </Record>
                            <Record Type="UI.ReferenceFacet">
                                <PropertyValue Property="Target" AnnotationPath="@UI.DataPoint#Progress"/>
                            </Record>
                        </Collection>
                    </Annotation>
                    <Annotation Term="UI.HeaderInfo">
                        <Record Type="UI.HeaderInfoType">
                            <PropertyValue Property="Description">
                                <Record Type="UI.DataField">
                                    <PropertyValue Property="Value" Path="ID"/>
                                </Record>
                            </PropertyValue>
                            <PropertyValue Property="Title">
                                <Record Type="UI.DataField">
                                    <PropertyValue Property="Value" Path="title"/>
                                </Record>
                            </PropertyValue>
                            <PropertyValue Property="TypeName" String="Book"/>
                            <PropertyValue Property="TypeNamePlural" String="Books"/>
                        </Record>
                    </Annotation>
                    <Annotation Term="UI.Identification">
                        <Collection>
                            <Record Type="UI.DataField">
                                <PropertyValue Property="Value" Path="ID"/>
                                <PropertyValue Property="Label" String="Test"/>
                            </Record>
                        </Collection>
                    </Annotation>
                    <Annotation Term="UI.LineItem">
                        <Collection>
                            <Record Type="UI.DataField">
                                <PropertyValue Property="Value" Path="ID"/>
                                <PropertyValue Property="Label" String="ID"/>
                            </Record>
                            <Record Type="UI.DataField">
                                <PropertyValue Property="Value" Path="title"/>
                                <PropertyValue Property="Label" String="Title"/>
                            </Record>
                            <Record Type="UI.DataField">
                                <PropertyValue Property="Value" Path="author/name"/>
                                <PropertyValue Property="Label" String="Author Name"/>
                            </Record>
                            <Record Type="UI.DataField">
                                <PropertyValue Property="Value" Path="descr"/>
                                <PropertyValue Property="Label" String="Description"/>
                            </Record>
                            <Record Type="UI.DataField">
                                <PropertyValue Property="Value" Path="price"/>
                                <PropertyValue Property="Label" String="Price"/>
                            </Record>
                            <Record Type="UI.DataField">
                                <PropertyValue Property="Value" Path="currentStock"/>
                                <PropertyValue Property="Label" String="Stock availability"/>
                            </Record>
                            <Record Type="UI.DataFieldForAnnotation">
                                <PropertyValue Property="Target" AnnotationPath="@UI.DataPoint#Progress"/>
                            </Record>
                        </Collection>
                    </Annotation>
                    <Annotation Term="UI.SelectionFields">
                        <Collection>
                            <PropertyPath>ID</PropertyPath>
                            <PropertyPath>title</PropertyPath>
                            <PropertyPath>author/name</PropertyPath>
                        </Collection>
                    </Annotation>
                    <Annotation Term="UI.StatusInfo">
                        <Collection>
                            <Record Type="UI.DataField">
                                <PropertyValue Property="Value" Path="title"/>
                                <PropertyValue Property="Label" String="StatusInfo"/>
                            </Record>
                        </Collection>
                    </Annotation>
                </Annotations>
                <Annotations Target="CatalogService.EntityContainer/Books" xmlns="http://docs.oasis-open.org/odata/ns/edm">
                    <Annotation Term="Capabilities.DeleteRestrictions">
                        <Record Type="Capabilities.DeleteRestrictionsType">
                            <PropertyValue Property="Deletable" Bool="false"/>
                        </Record>
                    </Annotation>
                    <Annotation Term="Capabilities.InsertRestrictions">
                        <Record Type="Capabilities.InsertRestrictionsType">
                            <PropertyValue Property="Insertable" Bool="false"/>
                        </Record>
                    </Annotation>
                    <Annotation Term="Capabilities.UpdateRestrictions">
                        <Record Type="Capabilities.UpdateRestrictionsType">
                            <PropertyValue Property="Updatable" Bool="false"/>
                        </Record>
                    </Annotation>
                </Annotations>
                <Annotations Target="CatalogService.Books/createdAt" xmlns="http://docs.oasis-open.org/odata/ns/edm">
                    <Annotation Term="Common.Label" String="Created On"/>
                    <Annotation Term="Core.Computed" Bool="true"/>
                    <Annotation Term="Core.Immutable" Bool="true"/>
                    <Annotation Term="UI.HiddenFilter" Bool="true"/>
                </Annotations>
                <Annotations Target="CatalogService.Books/createdBy" xmlns="http://docs.oasis-open.org/odata/ns/edm">
                    <Annotation Term="Common.Label" String="Created By"/>
                    <Annotation Term="Core.Computed" Bool="true"/>
                    <Annotation Term="Core.Description" String="User's unique ID"/>
                    <Annotation Term="Core.Immutable" Bool="true"/>
                    <Annotation Term="UI.HiddenFilter" Bool="true"/>
                </Annotations>
                <Annotations Target="CatalogService.Books/modifiedAt" xmlns="http://docs.oasis-open.org/odata/ns/edm">
                    <Annotation Term="Common.Label" String="Changed On"/>
                    <Annotation Term="Core.Computed" Bool="true"/>
                    <Annotation Term="UI.HiddenFilter" Bool="true"/>
                </Annotations>
                <Annotations Target="CatalogService.Books/modifiedBy" xmlns="http://docs.oasis-open.org/odata/ns/edm">
                    <Annotation Term="Common.Label" String="Changed By"/>
                    <Annotation Term="Core.Computed" Bool="true"/>
                    <Annotation Term="Core.Description" String="User's unique ID"/>
                    <Annotation Term="UI.HiddenFilter" Bool="true"/>
                </Annotations>
                <Annotations Target="CatalogService.Books/ID" xmlns="http://docs.oasis-open.org/odata/ns/edm">
                    <Annotation Term="Common.Label" String="ID"/>
                </Annotations>
                <Annotations Target="CatalogService.Books/title" xmlns="http://docs.oasis-open.org/odata/ns/edm">
                    <Annotation Term="Common.Label" String="Title"/>
                    <Annotation Term="Core.Description" String="Description for the title"/>
                </Annotations>
                <Annotations Target="CatalogService.Books/author" xmlns="http://docs.oasis-open.org/odata/ns/edm">
                    <Annotation Term="Common.Label" String="Author"/>
                </Annotations>
                <Annotations Target="CatalogService.Books/currentStock" xmlns="http://docs.oasis-open.org/odata/ns/edm">
                    <Annotation Term="Common.Label" String="Stock availability"/>
                    <Annotation Term="Core.Computed" Bool="true"/>
                </Annotations>
                <Annotations Target="CatalogService.Books/price" xmlns="http://docs.oasis-open.org/odata/ns/edm">
                    <Annotation Term="Common.Label" String="Price"/>
                    <Annotation Term="Measures.ISOCurrency" Path="currency_code"/>
                </Annotations>
                <Annotations Target="CatalogService.Books/currency" xmlns="http://docs.oasis-open.org/odata/ns/edm">
                    <Annotation Term="Common.Label" String="Currency"/>
                    <Annotation Term="Core.Description" String="Currency code as specified by ISO 4217"/>
                </Annotations>
                <Annotations Target="CatalogService.Books/author_ID" xmlns="http://docs.oasis-open.org/odata/ns/edm">
                    <Annotation Term="Common.Label" String="Author"/>
                </Annotations>
                <Annotations Target="CatalogService.Books/currency_code" xmlns="http://docs.oasis-open.org/odata/ns/edm">
                    <Annotation Term="Common.Label" String="Currency"/>
                    <Annotation Term="Common.ValueList">
                        <Record Type="Common.ValueListType">
                            <PropertyValue Property="Label" String="Currency"/>
                            <PropertyValue Property="CollectionPath" String="Currencies"/>
                            <PropertyValue Property="Parameters">
                                <Collection>
                                    <Record Type="Common.ValueListParameterInOut">
                                        <PropertyValue Property="LocalDataProperty" PropertyPath="currency_code"/>
                                        <PropertyValue Property="ValueListProperty" String="code"/>
                                    </Record>
                                    <Record Type="Common.ValueListParameterDisplayOnly">
                                        <PropertyValue Property="ValueListProperty" String="name"/>
                                    </Record>
                                </Collection>
                            </PropertyValue>
                        </Record>
                    </Annotation>
                    <Annotation Term="Core.Description" String="Currency code as specified by ISO 4217"/>
                </Annotations>
                <Annotations Target="CatalogService.Currencies" xmlns="http://docs.oasis-open.org/odata/ns/edm">
                    <Annotation Term="UI.Identification">
                        <Collection>
                            <Record Type="UI.DataField">
                                <PropertyValue Property="Value" Path="name"/>
                            </Record>
                        </Collection>
                    </Annotation>
                </Annotations>
                <Annotations Target="CatalogService.Currencies/name" xmlns="http://docs.oasis-open.org/odata/ns/edm">
                    <Annotation Term="Common.Label" String="Name"/>
                </Annotations>
                <Annotations Target="CatalogService.Currencies/descr" xmlns="http://docs.oasis-open.org/odata/ns/edm">
                    <Annotation Term="Common.Label" String="Description"/>
                </Annotations>
                <Annotations Target="CatalogService.Currencies/code" xmlns="http://docs.oasis-open.org/odata/ns/edm">
                    <Annotation Term="Common.Label" String="Currency Code"/>
                </Annotations>
                <Annotations Target="CatalogService.Currencies/symbol" xmlns="http://docs.oasis-open.org/odata/ns/edm">
                    <Annotation Term="Common.Label" String="Currency Symbol"/>
                </Annotations>
                <Annotations Target="CatalogService.Currencies_texts/name" xmlns="http://docs.oasis-open.org/odata/ns/edm">
                    <Annotation Term="Common.Label" String="Name"/>
                </Annotations>
                <Annotations Target="CatalogService.Currencies_texts/descr" xmlns="http://docs.oasis-open.org/odata/ns/edm">
                    <Annotation Term="Common.Label" String="Description"/>
                </Annotations>
                <Annotations Target="CatalogService.Currencies_texts/code" xmlns="http://docs.oasis-open.org/odata/ns/edm">
                    <Annotation Term="Common.Label" String="Currency Code"/>
                </Annotations>
                <Annotations Target="CatalogService.Stocks" xmlns="http://docs.oasis-open.org/odata/ns/edm">
                    <Annotation Term="UI.Chart">
                        <Record Type="UI.ChartDefinitionType">
                            <PropertyValue Property="ChartType" EnumMember="UI.ChartType/Column"/>
                            <PropertyValue Property="DimensionAttributes">
                                <Collection>
                                    <Record Type="UI.ChartDimensionAttributeType">
                                        <PropertyValue Property="Dimension" PropertyPath="ID"/>
                                        <PropertyValue Property="Role" EnumMember="UI.ChartDimensionRoleType/Category"/>
                                    </Record>
                                </Collection>
                            </PropertyValue>
                            <PropertyValue Property="Dimensions">
                                <Collection>
                                    <PropertyPath>ID</PropertyPath>
                                </Collection>
                            </PropertyValue>
                            <PropertyValue Property="MeasureAttributes">
                                <Collection>
                                    <Record Type="UI.ChartMeasureAttributeType">
                                        <PropertyValue Property="Measure" PropertyPath="stock"/>
                                        <PropertyValue Property="Role" EnumMember="UI.ChartMeasureRoleType/Axis1"/>
                                    </Record>
                                </Collection>
                            </PropertyValue>
                            <PropertyValue Property="Measures">
                                <Collection>
                                    <PropertyPath>stock</PropertyPath>
                                </Collection>
                            </PropertyValue>
                            <PropertyValue Property="Title" String="Chart TEST"/>
                        </Record>
                    </Annotation>
                    <Annotation Term="UI.HeaderInfo">
                        <Record Type="UI.HeaderInfoType">
                            <PropertyValue Property="Description">
                                <Record Type="UI.DataField">
                                    <PropertyValue Property="Value" Path="ID"/>
                                </Record>
                            </PropertyValue>
                            <PropertyValue Property="Title">
                                <Record Type="UI.DataField">
                                    <PropertyValue Property="Value" Path="date"/>
                                </Record>
                            </PropertyValue>
                            <PropertyValue Property="TypeName" String="Stock"/>
                            <PropertyValue Property="TypeNamePlural" String="Stocks"/>
                        </Record>
                    </Annotation>
                    <Annotation Term="UI.LineItem">
                        <Collection>
                            <Record Type="UI.DataFieldWithIntentBasedNavigation">
                                <PropertyValue Property="Value" Path="storage_ID"/>
                                <PropertyValue Property="SemanticObject" String="Storages"/>
                                <PropertyValue Property="Action" String="display"/>
                                <PropertyValue Property="Mapping">
                                    <Collection>
                                        <Record Type="Common.SemanticObjectMappingType">
                                            <PropertyValue Property="LocalProperty" PropertyPath="storage_ID"/>
                                            <PropertyValue Property="SemanticObjectProperty" String="ID"/>
                                        </Record>
                                    </Collection>
                                </PropertyValue>
                            </Record>
                            <Record Type="UI.DataField">
                                <PropertyValue Property="Value" Path="ID"/>
                                <PropertyValue Property="Label" String="ID"/>
                            </Record>
                            <Record Type="UI.DataField">
                                <PropertyValue Property="Value" Path="date"/>
                                <PropertyValue Property="Label" String="Date"/>
                            </Record>
                            <Record Type="UI.DataField">
                                <PropertyValue Property="Value" Path="stock"/>
                                <PropertyValue Property="Label" String="Stock availability"/>
                            </Record>
                        </Collection>
                    </Annotation>
                </Annotations>
                <Annotations Target="CatalogService.EntityContainer/Stocks" xmlns="http://docs.oasis-open.org/odata/ns/edm">
                    <Annotation Term="Capabilities.DeleteRestrictions">
                        <Record Type="Capabilities.DeleteRestrictionsType">
                            <PropertyValue Property="Deletable" Bool="false"/>
                        </Record>
                    </Annotation>
                    <Annotation Term="Capabilities.InsertRestrictions">
                        <Record Type="Capabilities.InsertRestrictionsType">
                            <PropertyValue Property="Insertable" Bool="false"/>
                        </Record>
                    </Annotation>
                    <Annotation Term="Capabilities.UpdateRestrictions">
                        <Record Type="Capabilities.UpdateRestrictionsType">
                            <PropertyValue Property="Updatable" Bool="false"/>
                        </Record>
                    </Annotation>
                </Annotations>
                <Annotations Target="CatalogService.Stocks/createdAt" xmlns="http://docs.oasis-open.org/odata/ns/edm">
                    <Annotation Term="Common.Label" String="Created On"/>
                    <Annotation Term="Core.Computed" Bool="true"/>
                    <Annotation Term="Core.Immutable" Bool="true"/>
                    <Annotation Term="UI.HiddenFilter" Bool="true"/>
                </Annotations>
                <Annotations Target="CatalogService.Stocks/createdBy" xmlns="http://docs.oasis-open.org/odata/ns/edm">
                    <Annotation Term="Common.Label" String="Created By"/>
                    <Annotation Term="Core.Computed" Bool="true"/>
                    <Annotation Term="Core.Description" String="User's unique ID"/>
                    <Annotation Term="Core.Immutable" Bool="true"/>
                    <Annotation Term="UI.HiddenFilter" Bool="true"/>
                </Annotations>
                <Annotations Target="CatalogService.Stocks/modifiedAt" xmlns="http://docs.oasis-open.org/odata/ns/edm">
                    <Annotation Term="Common.Label" String="Changed On"/>
                    <Annotation Term="Core.Computed" Bool="true"/>
                    <Annotation Term="UI.HiddenFilter" Bool="true"/>
                </Annotations>
                <Annotations Target="CatalogService.Stocks/modifiedBy" xmlns="http://docs.oasis-open.org/odata/ns/edm">
                    <Annotation Term="Common.Label" String="Changed By"/>
                    <Annotation Term="Core.Computed" Bool="true"/>
                    <Annotation Term="Core.Description" String="User's unique ID"/>
                    <Annotation Term="UI.HiddenFilter" Bool="true"/>
                </Annotations>
                <Annotations Target="CatalogService.Stocks/date" xmlns="http://docs.oasis-open.org/odata/ns/edm">
                    <Annotation Term="Common.Label" String="DATE"/>
                </Annotations>
                <Annotations Target="CatalogService.Stocks/stock" xmlns="http://docs.oasis-open.org/odata/ns/edm">
                    <Annotation Term="Common.Label" String="Stock"/>
                </Annotations>
                <Annotations Target="CatalogService.Storages" xmlns="http://docs.oasis-open.org/odata/ns/edm">
                    <Annotation Term="UI.HeaderInfo">
                        <Record Type="UI.HeaderInfoType">
                            <PropertyValue Property="Description">
                                <Record Type="UI.DataField">
                                    <PropertyValue Property="Value" Path="ID"/>
                                </Record>
                            </PropertyValue>
                            <PropertyValue Property="Title">
                                <Record Type="UI.DataField">
                                    <PropertyValue Property="Value" Path="name"/>
                                </Record>
                            </PropertyValue>
                            <PropertyValue Property="TypeName" String="Storage"/>
                            <PropertyValue Property="TypeNamePlural" String="Storages"/>
                        </Record>
                    </Annotation>
                    <Annotation Term="UI.LineItem">
                        <Collection>
                            <Record Type="UI.DataField">
                                <PropertyValue Property="Value" Path="ID"/>
                                <PropertyValue Property="Label" String="ID"/>
                            </Record>
                            <Record Type="UI.DataField">
                                <PropertyValue Property="Value" Path="name"/>
                                <PropertyValue Property="Label" String="Name Storage"/>
                            </Record>
                        </Collection>
                    </Annotation>
                </Annotations>
                <Annotations Target="CatalogService.Storages/createdAt" xmlns="http://docs.oasis-open.org/odata/ns/edm">
                    <Annotation Term="Common.Label" String="Created On"/>
                    <Annotation Term="Core.Computed" Bool="true"/>
                    <Annotation Term="Core.Immutable" Bool="true"/>
                    <Annotation Term="UI.HiddenFilter" Bool="true"/>
                </Annotations>
                <Annotations Target="CatalogService.Storages/createdBy" xmlns="http://docs.oasis-open.org/odata/ns/edm">
                    <Annotation Term="Common.Label" String="Created By"/>
                    <Annotation Term="Core.Computed" Bool="true"/>
                    <Annotation Term="Core.Description" String="User's unique ID"/>
                    <Annotation Term="Core.Immutable" Bool="true"/>
                    <Annotation Term="UI.HiddenFilter" Bool="true"/>
                </Annotations>
                <Annotations Target="CatalogService.Storages/modifiedAt" xmlns="http://docs.oasis-open.org/odata/ns/edm">
                    <Annotation Term="Common.Label" String="Changed On"/>
                    <Annotation Term="Core.Computed" Bool="true"/>
                    <Annotation Term="UI.HiddenFilter" Bool="true"/>
                </Annotations>
                <Annotations Target="CatalogService.Storages/modifiedBy" xmlns="http://docs.oasis-open.org/odata/ns/edm">
                    <Annotation Term="Common.Label" String="Changed By"/>
                    <Annotation Term="Core.Computed" Bool="true"/>
                    <Annotation Term="Core.Description" String="User's unique ID"/>
                    <Annotation Term="UI.HiddenFilter" Bool="true"/>
                </Annotations>
            </Schema>
        </edmx:DataServices>
    </edmx:Edmx>